Feature,Min,Q1,Median,Q3,Max,IQR,Mean,Std
trunk_Accelerometer.X_Mean,-0.9499,0.9563,0.9807,0.9938,1.0262,0.0375,0.8167,0.5194
trunk_Accelerometer.X_Std,0.0143,0.0586,0.0775,0.103,0.3584,0.0444,0.0917,0.0619
trunk_Accelerometer.X_RMS,0.8281,0.9607,0.9846,0.9969,1.0264,0.0362,0.9735,0.0346
trunk_Accelerometer.Y_Mean,-0.4067,-0.1393,-0.0868,-0.0225,0.1621,0.1167,-0.0792,0.0954
trunk_Accelerometer.Y_Std,0.0432,0.1533,0.185,0.2102,0.353,0.0569,0.1848,0.0489
trunk_Accelerometer.Y_RMS,0.0666,0.1828,0.2083,0.253,0.5374,0.0702,0.22,0.0594
trunk_Accelerometer.Z_Mean,-0.3113,-0.1435,-0.0805,0.0484,0.4018,0.1919,-0.0444,0.1457
trunk_Accelerometer.Z_Std,0.0328,0.0801,0.097,0.1166,0.2907,0.0366,0.1026,0.0373
trunk_Accelerometer.Z_RMS,0.0354,0.1189,0.1525,0.2183,0.4919,0.0994,0.1727,0.0728
trunk_Gyroscope.X_Mean,-6.121,-1.4676,-1.2443,-0.8984,2.9599,0.5692,-1.1431,0.7572
trunk_Gyroscope.X_Std,12.8822,21.7144,25.4419,30.6461,52.8124,8.9317,26.6376,7.1949
trunk_Gyroscope.X_RMS,12.9531,21.7511,25.4662,30.6791,52.8198,8.9281,26.6753,7.1857
trunk_Gyroscope.Y_Mean,-2.9594,-1.1426,-0.952,-0.7704,1.016,0.3722,-0.9105,0.429
trunk_Gyroscope.Y_Std,4.2427,9.5925,11.6762,14.0357,41.8717,4.4432,12.8164,5.8272
trunk_Gyroscope.Y_RMS,4.3483,9.651,11.7654,14.0825,41.9239,4.4316,12.8603,5.8173
trunk_Gyroscope.Z_Mean,-2.1774,0.1472,0.3608,0.4956,1.5439,0.3484,0.2655,0.4399
trunk_Gyroscope.Z_Std,4.2709,13.4941,16.4838,19.3531,67.7769,5.8591,18.1458,9.2359
trunk_Gyroscope.Z_RMS,4.3,13.5023,16.4872,19.3562,67.7949,5.8539,18.1534,9.2353
upper_arm_Accelerometer.X_Mean,-0.8338,0.7377,0.8215,0.8789,0.9929,0.1412,0.689,0.4413
upper_arm_Accelerometer.X_Std,0.0222,0.2127,0.2784,0.3651,0.659,0.1524,0.2833,0.0988
upper_arm_Accelerometer.X_RMS,0.4754,0.8339,0.8779,0.9082,0.9983,0.0743,0.8689,0.067
upper_arm_Accelerometer.Y_Mean,-0.6605,-0.3939,-0.258,-0.1648,0.7914,0.2291,-0.2253,0.2535
upper_arm_Accelerometer.Y_Std,0.083,0.2655,0.3167,0.3564,0.5581,0.0909,0.3103,0.0716
upper_arm_Accelerometer.Y_RMS,0.1683,0.3651,0.4387,0.536,0.8504,0.171,0.4485,0.1236
upper_arm_Accelerometer.Z_Mean,-0.6173,0.0353,0.1574,0.2388,0.4306,0.2035,0.1289,0.1634
upper_arm_Accelerometer.Z_Std,0.0555,0.1249,0.1618,0.2223,0.6506,0.0974,0.1781,0.0719
upper_arm_Accelerometer.Z_RMS,0.1009,0.1807,0.2385,0.3177,0.732,0.137,0.2614,0.1091
upper_arm_Gyroscope.X_Mean,-37.7416,-1.5736,-0.735,0.0999,4.3434,1.6735,-0.9039,2.2547
upper_arm_Gyroscope.X_Std,16.876,33.534,45.3703,53.2765,145.6141,19.7425,44.9634,15.4379
upper_arm_Gyroscope.X_RMS,16.876,33.5571,45.3749,53.3364,145.6607,19.7793,45.0037,15.5116
upper_arm_Gyroscope.Y_Mean,-16.2785,-0.8542,-0.1969,0.3607,3.7159,1.2149,-0.3775,1.4461
upper_arm_Gyroscope.Y_Std,5.5909,29.339,41.3758,52.8278,214.825,23.4888,41.496,18.4011
upper_arm_Gyroscope.Y_RMS,5.5915,29.3414,41.378,52.8408,214.8252,23.4994,41.5168,18.415
upper_arm_Gyroscope.Z_Mean,-8.1813,-0.3516,0.425,0.9827,4.7831,1.3343,0.3411,1.1415
upper_arm_Gyroscope.Z_Std,7.8812,42.9465,58.265,71.0166,120.4085,28.0701,55.8556,19.4233
upper_arm_Gyroscope.Z_RMS,7.8881,42.9537,58.2761,71.0201,120.6862,28.0664,55.869,19.4213
wrist_Accelerometer.X_Mean,-0.7712,-0.4909,-0.3818,-0.2844,0.7523,0.2065,-0.3648,0.2479
wrist_Accelerometer.X_Std,0.3747,0.5872,0.649,0.6821,0.9909,0.0949,0.6317,0.077
wrist_Accelerometer.X_RMS,0.4333,0.7303,0.7694,0.8132,1.2138,0.0829,0.7708,0.0733
wrist_Accelerometer.Y_Mean,-0.5246,0.4654,0.5227,0.5791,0.8109,0.1137,0.4866,0.2062
wrist_Accelerometer.Y_Std,0.2204,0.3259,0.3637,0.404,1.3029,0.0781,0.3697,0.0792
wrist_Accelerometer.Y_RMS,0.3592,0.5803,0.658,0.7058,1.3643,0.1255,0.6433,0.0916
wrist_Accelerometer.Z_Mean,-0.4911,0.1006,0.1783,0.2699,0.5523,0.1693,0.1826,0.1223
wrist_Accelerometer.Z_Std,0.1202,0.218,0.26,0.3092,0.5191,0.0913,0.2681,0.0707
wrist_Accelerometer.Z_RMS,0.1675,0.2881,0.348,0.3927,0.702,0.1046,0.3441,0.0823
wrist_Gyroscope.X_Mean,-58.4677,-4.7079,-1.9362,0.9367,13.9814,5.6446,-1.9935,5.491
wrist_Gyroscope.X_Std,31.6171,67.9221,84.2124,101.0628,186.4242,33.1407,86.9798,25.8952
wrist_Gyroscope.X_RMS,31.6548,68.313,84.5967,101.1726,195.3778,32.8596,87.1475,25.9901
wrist_Gyroscope.Y_Mean,-15.2331,-3.5761,-1.6368,0.1095,17.3326,3.6856,-1.7353,3.2705
wrist_Gyroscope.Y_Std,20.626,38.8369,48.5869,63.2579,128.0851,24.421,52.8518,20.1962
wrist_Gyroscope.Y_RMS,20.6263,38.9528,48.8175,63.4336,129.2525,24.4808,52.9666,20.2348
wrist_Gyroscope.Z_Mean,-27.3496,-0.7144,0.4282,1.452,7.0374,2.1665,0.195,2.4568
wrist_Gyroscope.Z_Std,22.2611,79.9979,100.6441,117.6882,190.746,37.6903,99.2892,23.8984
wrist_Gyroscope.Z_RMS,22.2989,80.0742,100.66,117.7086,190.7498,37.6344,99.3164,23.9124
